date [mm-dd],city_lower,city_mean,city_upper
01-01,Eindhoven_0.20,Eindhoven_7.08,Eindhoven_13.96
01-01,Rotterdam_1.84,Rotterdam_7.56,Rotterdam_13.28
01-01,Vlieland_3.17,Vlieland_7.38,Vlieland_11.59
01-02,Eindhoven_3.04,Eindhoven_7.18,Eindhoven_11.32
01-02,Rotterdam_3.81,Rotterdam_7.35,Rotterdam_10.89
01-02,Vlieland_4.84,Vlieland_7.02,Vlieland_9.20
01-03,Eindhoven_3.88,Eindhoven_6.73,Eindhoven_9.59
01-03,Rotterdam_3.85,Rotterdam_6.85,Rotterdam_9.85
01-03,Vlieland_4.76,Vlieland_6.87,Vlieland_8.97
01-04,Eindhoven_2.99,Eindhoven_6.30,Eindhoven_9.61
01-04,Rotterdam_4.02,Rotterdam_7.07,Rotterdam_10.11
01-04,Vlieland_4.07,Vlieland_6.53,Vlieland_9.00
01-05,Eindhoven_3.26,Eindhoven_6.18,Eindhoven_9.11
01-05,Rotterdam_4.08,Rotterdam_6.82,Rotterdam_9.55
01-05,Vlieland_4.25,Vlieland_6.60,Vlieland_8.95
01-06,Eindhoven_1.74,Eindhoven_5.07,Eindhoven_8.40
01-06,Rotterdam_2.51,Rotterdam_5.57,Rotterdam_8.62
01-06,Vlieland_3.17,Vlieland_5.70,Vlieland_8.23
01-07,Eindhoven_0.78,Eindhoven_4.85,Eindhoven_8.92
01-07,Rotterdam_1.66,Rotterdam_5.40,Rotterdam_9.14
01-07,Vlieland_2.75,Vlieland_5.97,Vlieland_9.18
01-08,Eindhoven_-0.37,Eindhoven_4.58,Eindhoven_9.53
01-08,Rotterdam_0.45,Rotterdam_5.10,Rotterdam_9.75
01-08,Vlieland_1.93,Vlieland_5.38,Vlieland_8.84
01-09,Eindhoven_-2.16,Eindhoven_3.53,Eindhoven_9.23
01-09,Rotterdam_-1.09,Rotterdam_4.28,Rotterdam_9.66
01-09,Vlieland_2.02,Vlieland_5.53,Vlieland_9.05
01-10,Eindhoven_-2.55,Eindhoven_1.70,Eindhoven_5.95
01-10,Rotterdam_-0.65,Rotterdam_3.43,Rotterdam_7.51
01-10,Vlieland_1.93,Vlieland_4.92,Vlieland_7.91
01-11,Eindhoven_-0.72,Eindhoven_3.83,Eindhoven_8.39
01-11,Rotterdam_1.41,Rotterdam_5.28,Rotterdam_9.15
01-11,Vlieland_4.15,Vlieland_6.42,Vlieland_8.69
01-12,Eindhoven_2.14,Eindhoven_5.40,Eindhoven_8.66
01-12,Rotterdam_3.72,Rotterdam_6.58,Rotterdam_9.45
01-12,Vlieland_5.54,Vlieland_7.22,Vlieland_8.89
01-13,Eindhoven_2.05,Eindhoven_5.42,Eindhoven_8.78
01-13,Rotterdam_4.20,Rotterdam_6.58,Rotterdam_8.96
01-13,Vlieland_5.61,Vlieland_6.98,Vlieland_8.35
01-14,Eindhoven_0.62,Eindhoven_4.80,Eindhoven_8.98
01-14,Rotterdam_2.22,Rotterdam_5.65,Rotterdam_9.08
01-14,Vlieland_3.63,Vlieland_6.27,Vlieland_8.90
01-15,Eindhoven_-0.00,Eindhoven_3.92,Eindhoven_7.83
01-15,Rotterdam_1.38,Rotterdam_4.78,Rotterdam_8.19
01-15,Vlieland_2.54,Vlieland_5.40,Vlieland_8.26
01-16,Eindhoven_0.07,Eindhoven_3.42,Eindhoven_6.77
01-16,Rotterdam_1.62,Rotterdam_4.57,Rotterdam_7.52
01-16,Vlieland_2.43,Vlieland_4.98,Vlieland_7.54
01-17,Eindhoven_-0.88,Eindhoven_2.97,Eindhoven_6.81
01-17,Rotterdam_0.32,Rotterdam_3.73,Rotterdam_7.15
01-17,Vlieland_3.78,Vlieland_5.55,Vlieland_7.32
01-18,Eindhoven_-1.70,Eindhoven_1.57,Eindhoven_4.83
01-18,Rotterdam_0.03,Rotterdam_2.55,Rotterdam_5.07
01-18,Vlieland_3.88,Vlieland_5.12,Vlieland_6.35
01-19,Eindhoven_-1.24,Eindhoven_1.83,Eindhoven_4.91
01-19,Rotterdam_0.83,Rotterdam_3.68,Rotterdam_6.53
01-19,Vlieland_2.56,Vlieland_5.12,Vlieland_7.67
01-20,Eindhoven_-2.51,Eindhoven_1.75,Eindhoven_6.01
01-20,Rotterdam_-1.47,Rotterdam_2.72,Rotterdam_6.90
01-20,Vlieland_0.11,Vlieland_3.93,Vlieland_7.76
01-21,Eindhoven_-3.12,Eindhoven_1.40,Eindhoven_5.92
01-21,Rotterdam_-0.75,Rotterdam_2.58,Rotterdam_5.91
01-21,Vlieland_2.58,Vlieland_4.83,Vlieland_7.09
01-22,Eindhoven_-1.47,Eindhoven_2.95,Eindhoven_7.37
01-22,Rotterdam_0.51,Rotterdam_4.37,Rotterdam_8.23
01-22,Vlieland_2.08,Vlieland_5.18,Vlieland_8.29
01-23,Eindhoven_-0.12,Eindhoven_3.43,Eindhoven_6.99
01-23,Rotterdam_0.93,Rotterdam_4.22,Rotterdam_7.50
01-23,Vlieland_1.20,Vlieland_4.37,Vlieland_7.53
01-24,Eindhoven_-1.80,Eindhoven_2.65,Eindhoven_7.10
01-24,Rotterdam_-0.09,Rotterdam_3.57,Rotterdam_7.23
01-24,Vlieland_-0.11,Vlieland_3.67,Vlieland_7.44
01-25,Eindhoven_-0.61,Eindhoven_2.20,Eindhoven_5.01
01-25,Rotterdam_0.77,Rotterdam_3.08,Rotterdam_5.39
01-25,Vlieland_2.12,Vlieland_4.02,Vlieland_5.91
01-26,Eindhoven_2.86,Eindhoven_5.00,Eindhoven_7.14
01-26,Rotterdam_4.46,Rotterdam_5.93,Rotterdam_7.41
01-26,Vlieland_5.01,Vlieland_6.18,Vlieland_7.36
01-27,Eindhoven_2.92,Eindhoven_5.07,Eindhoven_7.21
01-27,Rotterdam_3.96,Rotterdam_5.82,Rotterdam_7.67
01-27,Vlieland_4.54,Vlieland_5.95,Vlieland_7.36
01-28,Eindhoven_1.89,Eindhoven_4.07,Eindhoven_6.25
01-28,Rotterdam_3.93,Rotterdam_5.22,Rotterdam_6.51
01-28,Vlieland_3.75,Vlieland_5.07,Vlieland_6.38
01-29,Eindhoven_1.90,Eindhoven_5.50,Eindhoven_9.10
01-29,Rotterdam_3.70,Rotterdam_6.43,Rotterdam_9.16
01-29,Vlieland_3.83,Vlieland_5.82,Vlieland_7.80
01-30,Eindhoven_1.41,Eindhoven_5.10,Eindhoven_8.79
01-30,Rotterdam_1.41,Rotterdam_5.17,Rotterdam_8.92
01-30,Vlieland_1.33,Vlieland_4.93,Vlieland_8.54
01-31,Eindhoven_-0.46,Eindhoven_4.55,Eindhoven_9.56
01-31,Rotterdam_-0.07,Rotterdam_4.85,Rotterdam_9.77
01-31,Vlieland_0.86,Vlieland_4.82,Vlieland_8.78
02-01,Eindhoven_2.47,Eindhoven_5.85,Eindhoven_9.23
02-01,Rotterdam_2.06,Rotterdam_5.90,Rotterdam_9.74
02-01,Vlieland_1.04,Vlieland_5.10,Vlieland_9.16
02-02,Eindhoven_4.12,Eindhoven_7.12,Eindhoven_10.11
02-02,Rotterdam_4.64,Rotterdam_7.18,Rotterdam_9.73
02-02,Vlieland_2.34,Vlieland_5.57,Vlieland_8.80
02-03,Eindhoven_4.66,Eindhoven_7.83,Eindhoven_11.01
02-03,Rotterdam_4.66,Rotterdam_7.80,Rotterdam_10.94
02-03,Vlieland_5.27,Vlieland_7.00,Vlieland_8.73
02-04,Eindhoven_3.29,Eindhoven_6.42,Eindhoven_9.55
02-04,Rotterdam_4.03,Rotterdam_6.78,Rotterdam_9.54
02-04,Vlieland_3.45,Vlieland_5.70,Vlieland_7.95
02-05,Eindhoven_3.89,Eindhoven_6.22,Eindhoven_8.54
02-05,Rotterdam_4.92,Rotterdam_6.72,Rotterdam_8.51
02-05,Vlieland_4.11,Vlieland_6.03,Vlieland_7.96
02-06,Eindhoven_2.05,Eindhoven_5.30,Eindhoven_8.55
02-06,Rotterdam_3.31,Rotterdam_6.03,Rotterdam_8.75
02-06,Vlieland_2.60,Vlieland_5.40,Vlieland_8.20
02-07,Eindhoven_-1.25,Eindhoven_3.10,Eindhoven_7.45
02-07,Rotterdam_-0.97,Rotterdam_3.52,Rotterdam_8.00
02-07,Vlieland_0.22,Vlieland_4.00,Vlieland_7.78
02-08,Eindhoven_-2.19,Eindhoven_4.00,Eindhoven_10.19
02-08,Rotterdam_-1.52,Rotterdam_4.32,Rotterdam_10.15
02-08,Vlieland_0.19,Vlieland_4.35,Vlieland_8.51
02-09,Eindhoven_-1.52,Eindhoven_5.65,Eindhoven_12.82
02-09,Rotterdam_-0.14,Rotterdam_6.02,Rotterdam_12.17
02-09,Vlieland_1.70,Vlieland_5.72,Vlieland_9.74
02-10,Eindhoven_-1.02,Eindhoven_5.05,Eindhoven_11.12
02-10,Rotterdam_0.25,Rotterdam_5.38,Rotterdam_10.51
02-10,Vlieland_0.93,Vlieland_5.18,Vlieland_9.44
02-11,Eindhoven_-1.14,Eindhoven_4.00,Eindhoven_9.14
02-11,Rotterdam_-0.91,Rotterdam_4.27,Rotterdam_9.44
02-11,Vlieland_0.56,Vlieland_4.77,Vlieland_8.97
02-12,Eindhoven_-1.74,Eindhoven_3.02,Eindhoven_7.77
02-12,Rotterdam_-1.03,Rotterdam_3.92,Rotterdam_8.87
02-12,Vlieland_0.36,Vlieland_4.50,Vlieland_8.64
02-13,Eindhoven_-0.53,Eindhoven_3.98,Eindhoven_8.50
02-13,Rotterdam_-0.00,Rotterdam_4.80,Rotterdam_9.60
02-13,Vlieland_0.37,Vlieland_4.62,Vlieland_8.86
02-14,Eindhoven_2.18,Eindhoven_6.32,Eindhoven_10.45
02-14,Rotterdam_2.18,Rotterdam_6.33,Rotterdam_10.48
02-14,Vlieland_1.73,Vlieland_5.52,Vlieland_9.31
02-15,Eindhoven_4.21,Eindhoven_7.87,Eindhoven_11.52
02-15,Rotterdam_4.17,Rotterdam_7.85,Rotterdam_11.53
02-15,Vlieland_3.46,Vlieland_6.70,Vlieland_9.94
02-16,Eindhoven_7.08,Eindhoven_9.67,Eindhoven_12.26
02-16,Rotterdam_7.50,Rotterdam_9.57,Rotterdam_11.63
02-16,Vlieland_5.74,Vlieland_7.77,Vlieland_9.79
02-17,Eindhoven_8.07,Eindhoven_9.53,Eindhoven_10.99
02-17,Rotterdam_8.26,Rotterdam_9.25,Rotterdam_10.24
02-17,Vlieland_6.89,Vlieland_7.63,Vlieland_8.37
02-18,Eindhoven_7.51,Eindhoven_8.80,Eindhoven_10.09
02-18,Rotterdam_7.80,Rotterdam_8.73,Rotterdam_9.67
02-18,Vlieland_6.06,Vlieland_7.35,Vlieland_8.64
02-19,Eindhoven_6.10,Eindhoven_7.22,Eindhoven_8.33
02-19,Rotterdam_6.32,Rotterdam_7.37,Rotterdam_8.41
02-19,Vlieland_5.38,Vlieland_6.47,Vlieland_7.55
02-20,Eindhoven_6.42,Eindhoven_8.50,Eindhoven_10.58
02-20,Rotterdam_7.01,Rotterdam_9.03,Rotterdam_11.06
02-20,Vlieland_6.95,Vlieland_7.60,Vlieland_8.25
02-21,Eindhoven_5.78,Eindhoven_8.33,Eindhoven_10.89
02-21,Rotterdam_6.90,Rotterdam_8.58,Rotterdam_10.26
02-21,Vlieland_6.74,Vlieland_7.50,Vlieland_8.26
02-22,Eindhoven_6.77,Eindhoven_9.10,Eindhoven_11.43
02-22,Rotterdam_7.00,Rotterdam_9.08,Rotterdam_11.17
02-22,Vlieland_7.13,Vlieland_7.95,Vlieland_8.77
02-23,Eindhoven_5.69,Eindhoven_8.57,Eindhoven_11.44
02-23,Rotterdam_5.59,Rotterdam_8.33,Rotterdam_11.07
02-23,Vlieland_5.79,Vlieland_7.20,Vlieland_8.61
02-24,Eindhoven_4.05,Eindhoven_7.62,Eindhoven_11.19
02-24,Rotterdam_3.89,Rotterdam_7.48,Rotterdam_11.07
02-24,Vlieland_4.39,Vlieland_6.85,Vlieland_9.31
02-25,Eindhoven_3.42,Eindhoven_6.80,Eindhoven_10.18
02-25,Rotterdam_4.40,Rotterdam_6.85,Rotterdam_9.30
02-25,Vlieland_5.15,Vlieland_6.13,Vlieland_7.12
02-26,Eindhoven_1.30,Eindhoven_4.50,Eindhoven_7.70
02-26,Rotterdam_2.72,Rotterdam_5.10,Rotterdam_7.48
02-26,Vlieland_4.67,Vlieland_5.63,Vlieland_6.60
02-27,Eindhoven_1.06,Eindhoven_4.20,Eindhoven_7.34
02-27,Rotterdam_2.61,Rotterdam_4.97,Rotterdam_7.32
02-27,Vlieland_4.08,Vlieland_5.30,Vlieland_6.52
02-28,Eindhoven_2.17,Eindhoven_4.55,Eindhoven_6.93
02-28,Rotterdam_3.33,Rotterdam_5.43,Rotterdam_7.54
02-28,Vlieland_3.46,Vlieland_5.47,Vlieland_7.47
02-29,Eindhoven_5.96,Eindhoven_8.50,Eindhoven_11.04
02-29,Rotterdam_7.23,Rotterdam_8.50,Rotterdam_9.77
02-29,Vlieland_4.97,Vlieland_8.15,Vlieland_11.33
03-01,Eindhoven_1.88,Eindhoven_4.88,Eindhoven_7.88
03-01,Rotterdam_2.39,Rotterdam_4.88,Rotterdam_7.37
03-01,Vlieland_3.94,Vlieland_5.26,Vlieland_6.58
03-02,Eindhoven_3.59,Eindhoven_6.24,Eindhoven_8.89
03-02,Rotterdam_3.70,Rotterdam_6.00,Rotterdam_8.30
03-02,Vlieland_3.59,Vlieland_5.22,Vlieland_6.85
03-03,Eindhoven_2.95,Eindhoven_6.68,Eindhoven_10.41
03-03,Rotterdam_2.77,Rotterdam_6.24,Rotterdam_9.71
03-03,Vlieland_3.30,Vlieland_5.86,Vlieland_8.42
03-04,Eindhoven_3.99,Eindhoven_6.06,Eindhoven_8.13
03-04,Rotterdam_4.10,Rotterdam_6.12,Rotterdam_8.14
03-04,Vlieland_3.28,Vlieland_5.22,Vlieland_7.16
03-05,Eindhoven_1.67,Eindhoven_4.32,Eindhoven_6.97
03-05,Rotterdam_1.66,Rotterdam_4.34,Rotterdam_7.02
03-05,Vlieland_2.72,Vlieland_4.76,Vlieland_6.80
03-06,Eindhoven_-0.79,Eindhoven_4.38,Eindhoven_9.55
03-06,Rotterdam_0.95,Rotterdam_5.04,Rotterdam_9.13
03-06,Vlieland_3.17,Vlieland_5.36,Vlieland_7.55
03-07,Eindhoven_0.15,Eindhoven_4.36,Eindhoven_8.57
03-07,Rotterdam_1.08,Rotterdam_4.82,Rotterdam_8.56
03-07,Vlieland_2.68,Vlieland_5.38,Vlieland_8.08
03-08,Eindhoven_1.64,Eindhoven_5.30,Eindhoven_8.96
03-08,Rotterdam_1.49,Rotterdam_5.42,Rotterdam_9.35
03-08,Vlieland_2.87,Vlieland_5.64,Vlieland_8.41
03-09,Eindhoven_3.88,Eindhoven_6.52,Eindhoven_9.16
03-09,Rotterdam_2.97,Rotterdam_6.50,Rotterdam_10.03
03-09,Vlieland_2.77,Vlieland_5.56,Vlieland_8.35
03-10,Eindhoven_5.37,Eindhoven_7.78,Eindhoven_10.19
03-10,Rotterdam_3.03,Rotterdam_6.88,Rotterdam_10.73
03-10,Vlieland_2.39,Vlieland_5.60,Vlieland_8.81
03-11,Eindhoven_2.39,Eindhoven_7.60,Eindhoven_12.81
03-11,Rotterdam_3.13,Rotterdam_7.72,Rotterdam_12.31
03-11,Vlieland_4.58,Vlieland_6.82,Vlieland_9.06
03-12,Eindhoven_5.94,Eindhoven_8.36,Eindhoven_10.78
03-12,Rotterdam_6.13,Rotterdam_8.28,Rotterdam_10.43
03-12,Vlieland_5.50,Vlieland_6.88,Vlieland_8.26
03-13,Eindhoven_4.59,Eindhoven_9.14,Eindhoven_13.69
03-13,Rotterdam_5.72,Rotterdam_9.28,Rotterdam_12.84
03-13,Vlieland_5.47,Vlieland_7.80,Vlieland_10.13
03-14,Eindhoven_5.56,Eindhoven_7.40,Eindhoven_9.24
03-14,Rotterdam_6.19,Rotterdam_7.60,Rotterdam_9.01
03-14,Vlieland_5.92,Vlieland_6.82,Vlieland_7.72
03-15,Eindhoven_5.02,Eindhoven_7.84,Eindhoven_10.66
03-15,Rotterdam_5.61,Rotterdam_8.06,Rotterdam_10.51
03-15,Vlieland_5.70,Vlieland_7.56,Vlieland_9.42
03-16,Eindhoven_6.30,Eindhoven_8.68,Eindhoven_11.06
03-16,Rotterdam_6.01,Rotterdam_8.42,Rotterdam_10.83
03-16,Vlieland_5.74,Vlieland_7.46,Vlieland_9.18
03-17,Eindhoven_4.49,Eindhoven_8.08,Eindhoven_11.67
03-17,Rotterdam_5.43,Rotterdam_8.22,Rotterdam_11.01
03-17,Vlieland_5.81,Vlieland_7.42,Vlieland_9.03
03-18,Eindhoven_2.89,Eindhoven_7.66,Eindhoven_12.43
03-18,Rotterdam_4.50,Rotterdam_8.14,Rotterdam_11.78
03-18,Vlieland_5.54,Vlieland_7.66,Vlieland_9.78
03-19,Eindhoven_4.11,Eindhoven_7.68,Eindhoven_11.25
03-19,Rotterdam_5.28,Rotterdam_7.42,Rotterdam_9.56
03-19,Vlieland_5.32,Vlieland_6.78,Vlieland_8.24
03-20,Eindhoven_4.14,Eindhoven_6.74,Eindhoven_9.34
03-20,Rotterdam_3.95,Rotterdam_6.78,Rotterdam_9.61
03-20,Vlieland_4.94,Vlieland_6.72,Vlieland_8.50
03-21,Eindhoven_5.22,Eindhoven_8.08,Eindhoven_10.94
03-21,Rotterdam_5.20,Rotterdam_7.78,Rotterdam_10.36
03-21,Vlieland_5.40,Vlieland_7.40,Vlieland_9.40
03-22,Eindhoven_4.56,Eindhoven_8.74,Eindhoven_12.92
03-22,Rotterdam_4.82,Rotterdam_8.52,Rotterdam_12.22
03-22,Vlieland_4.54,Vlieland_7.50,Vlieland_10.46
03-23,Eindhoven_5.58,Eindhoven_8.88,Eindhoven_12.18
03-23,Rotterdam_5.06,Rotterdam_8.58,Rotterdam_12.10
03-23,Vlieland_4.74,Vlieland_7.72,Vlieland_10.70
03-24,Eindhoven_5.64,Eindhoven_8.36,Eindhoven_11.08
03-24,Rotterdam_5.31,Rotterdam_8.20,Rotterdam_11.09
03-24,Vlieland_5.88,Vlieland_7.52,Vlieland_9.16
03-25,Eindhoven_6.73,Eindhoven_8.32,Eindhoven_9.91
03-25,Rotterdam_6.57,Rotterdam_8.36,Rotterdam_10.15
03-25,Vlieland_6.31,Vlieland_7.34,Vlieland_8.37
03-26,Eindhoven_5.83,Eindhoven_8.36,Eindhoven_10.89
03-26,Rotterdam_5.80,Rotterdam_8.16,Rotterdam_10.52
03-26,Vlieland_5.84,Vlieland_7.48,Vlieland_9.12
03-27,Eindhoven_4.38,Eindhoven_7.22,Eindhoven_10.06
03-27,Rotterdam_4.92,Rotterdam_7.66,Rotterdam_10.40
03-27,Vlieland_5.30,Vlieland_6.80,Vlieland_8.30
03-28,Eindhoven_5.41,Eindhoven_8.24,Eindhoven_11.07
03-28,Rotterdam_5.61,Rotterdam_7.94,Rotterdam_10.27
03-28,Vlieland_5.67,Vlieland_7.22,Vlieland_8.77
03-29,Eindhoven_5.26,Eindhoven_9.54,Eindhoven_13.82
03-29,Rotterdam_5.44,Rotterdam_8.88,Rotterdam_12.32
03-29,Vlieland_5.46,Vlieland_7.62,Vlieland_9.78
03-30,Eindhoven_4.71,Eindhoven_9.94,Eindhoven_15.17
03-30,Rotterdam_4.65,Rotterdam_9.44,Rotterdam_14.23
03-30,Vlieland_5.09,Vlieland_8.04,Vlieland_10.99
03-31,Eindhoven_2.43,Eindhoven_8.52,Eindhoven_14.61
03-31,Rotterdam_2.04,Rotterdam_8.06,Rotterdam_14.08
03-31,Vlieland_2.44,Vlieland_7.02,Vlieland_11.60
04-01,Eindhoven_1.98,Eindhoven_7.10,Eindhoven_12.22
04-01,Rotterdam_2.89,Rotterdam_6.72,Rotterdam_10.55
04-01,Vlieland_5.23,Vlieland_6.72,Vlieland_8.21
04-02,Eindhoven_2.69,Eindhoven_5.88,Eindhoven_9.07
04-02,Rotterdam_3.68,Rotterdam_6.62,Rotterdam_9.56
04-02,Vlieland_4.54,Vlieland_6.60,Vlieland_8.66
04-03,Eindhoven_2.73,Eindhoven_5.40,Eindhoven_8.07
04-03,Rotterdam_4.08,Rotterdam_5.94,Rotterdam_7.80
04-03,Vlieland_5.41,Vlieland_6.22,Vlieland_7.03
04-04,Eindhoven_4.23,Eindhoven_6.06,Eindhoven_7.89
04-04,Rotterdam_5.05,Rotterdam_6.98,Rotterdam_8.91
04-04,Vlieland_4.85,Vlieland_6.90,Vlieland_8.95
04-05,Eindhoven_3.12,Eindhoven_8.38,Eindhoven_13.64
04-05,Rotterdam_3.93,Rotterdam_8.60,Rotterdam_13.27
04-05,Vlieland_3.90,Vlieland_7.20,Vlieland_10.50
04-06,Eindhoven_2.08,Eindhoven_8.90,Eindhoven_15.72
04-06,Rotterdam_3.48,Rotterdam_8.62,Rotterdam_13.76
04-06,Vlieland_4.35,Vlieland_7.98,Vlieland_11.61
04-07,Eindhoven_3.59,Eindhoven_9.90,Eindhoven_16.21
04-07,Rotterdam_4.41,Rotterdam_9.54,Rotterdam_14.67
04-07,Vlieland_5.01,Vlieland_8.78,Vlieland_12.55
04-08,Eindhoven_4.15,Eindhoven_9.78,Eindhoven_15.41
04-08,Rotterdam_4.88,Rotterdam_9.58,Rotterdam_14.28
04-08,Vlieland_5.73,Vlieland_8.12,Vlieland_10.51
04-09,Eindhoven_5.84,Eindhoven_9.96,Eindhoven_14.08
04-09,Rotterdam_6.05,Rotterdam_9.46,Rotterdam_12.87
04-09,Vlieland_5.94,Vlieland_7.72,Vlieland_9.50
04-10,Eindhoven_4.88,Eindhoven_8.82,Eindhoven_12.76
04-10,Rotterdam_4.47,Rotterdam_8.12,Rotterdam_11.77
04-10,Vlieland_4.68,Vlieland_7.20,Vlieland_9.72
04-11,Eindhoven_4.18,Eindhoven_9.10,Eindhoven_14.02
04-11,Rotterdam_4.49,Rotterdam_8.64,Rotterdam_12.79
04-11,Vlieland_4.78,Vlieland_7.82,Vlieland_10.86
04-12,Eindhoven_2.32,Eindhoven_9.06,Eindhoven_15.80
04-12,Rotterdam_3.11,Rotterdam_9.28,Rotterdam_15.45
04-12,Vlieland_4.44,Vlieland_8.30,Vlieland_12.16
04-13,Eindhoven_2.15,Eindhoven_7.26,Eindhoven_12.37
04-13,Rotterdam_2.88,Rotterdam_7.56,Rotterdam_12.24
04-13,Vlieland_3.61,Vlieland_7.10,Vlieland_10.59
04-14,Eindhoven_3.30,Eindhoven_7.64,Eindhoven_11.98
04-14,Rotterdam_3.39,Rotterdam_7.42,Rotterdam_11.45
04-14,Vlieland_5.05,Vlieland_7.42,Vlieland_9.79
04-15,Eindhoven_5.99,Eindhoven_8.86,Eindhoven_11.73
04-15,Rotterdam_6.14,Rotterdam_8.58,Rotterdam_11.02
04-15,Vlieland_6.22,Vlieland_7.90,Vlieland_9.58
04-16,Eindhoven_7.06,Eindhoven_11.04,Eindhoven_15.02
04-16,Rotterdam_6.92,Rotterdam_10.32,Rotterdam_13.72
04-16,Vlieland_6.96,Vlieland_8.56,Vlieland_10.16
04-17,Eindhoven_8.40,Eindhoven_11.20,Eindhoven_14.00
04-17,Rotterdam_7.62,Rotterdam_10.40,Rotterdam_13.18
04-17,Vlieland_6.13,Vlieland_9.14,Vlieland_12.15
04-18,Eindhoven_7.87,Eindhoven_11.98,Eindhoven_16.09
04-18,Rotterdam_7.23,Rotterdam_10.82,Rotterdam_14.41
04-18,Vlieland_7.89,Vlieland_10.18,Vlieland_12.47
04-19,Eindhoven_7.55,Eindhoven_12.32,Eindhoven_17.09
04-19,Rotterdam_9.15,Rotterdam_12.14,Rotterdam_15.13
04-19,Vlieland_8.98,Vlieland_10.88,Vlieland_12.78
04-20,Eindhoven_8.01,Eindhoven_12.48,Eindhoven_16.95
04-20,Rotterdam_8.11,Rotterdam_11.94,Rotterdam_15.77
04-20,Vlieland_8.03,Vlieland_10.60,Vlieland_13.17
04-21,Eindhoven_9.36,Eindhoven_12.98,Eindhoven_16.60
04-21,Rotterdam_8.54,Rotterdam_11.96,Rotterdam_15.38
04-21,Vlieland_8.68,Vlieland_10.74,Vlieland_12.80
04-22,Eindhoven_7.02,Eindhoven_12.78,Eindhoven_18.54
04-22,Rotterdam_6.70,Rotterdam_11.94,Rotterdam_17.18
04-22,Vlieland_7.23,Vlieland_11.08,Vlieland_14.93
04-23,Eindhoven_8.54,Eindhoven_13.12,Eindhoven_17.70
04-23,Rotterdam_8.63,Rotterdam_12.50,Rotterdam_16.37
04-23,Vlieland_8.18,Vlieland_11.42,Vlieland_14.66
04-24,Eindhoven_7.43,Eindhoven_11.90,Eindhoven_16.37
04-24,Rotterdam_6.99,Rotterdam_11.28,Rotterdam_15.57
04-24,Vlieland_6.18,Vlieland_10.08,Vlieland_13.98
04-25,Eindhoven_5.85,Eindhoven_8.88,Eindhoven_11.91
04-25,Rotterdam_6.09,Rotterdam_8.84,Rotterdam_11.59
04-25,Vlieland_6.00,Vlieland_8.94,Vlieland_11.88
04-26,Eindhoven_5.96,Eindhoven_9.24,Eindhoven_12.52
04-26,Rotterdam_5.60,Rotterdam_8.76,Rotterdam_11.92
04-26,Vlieland_6.10,Vlieland_8.52,Vlieland_10.94
04-27,Eindhoven_8.01,Eindhoven_10.42,Eindhoven_12.83
04-27,Rotterdam_7.24,Rotterdam_9.40,Rotterdam_11.56
04-27,Vlieland_8.16,Vlieland_9.34,Vlieland_10.52
04-28,Eindhoven_9.29,Eindhoven_11.06,Eindhoven_12.83
04-28,Rotterdam_8.78,Rotterdam_9.62,Rotterdam_10.46
04-28,Vlieland_7.73,Vlieland_8.48,Vlieland_9.23
04-29,Eindhoven_7.94,Eindhoven_10.34,Eindhoven_12.74
04-29,Rotterdam_7.81,Rotterdam_9.78,Rotterdam_11.75
04-29,Vlieland_8.27,Vlieland_8.84,Vlieland_9.41
04-30,Eindhoven_7.65,Eindhoven_10.16,Eindhoven_12.67
04-30,Rotterdam_7.26,Rotterdam_9.90,Rotterdam_12.54
04-30,Vlieland_8.11,Vlieland_9.48,Vlieland_10.85
05-01,Eindhoven_7.04,Eindhoven_10.08,Eindhoven_13.12
05-01,Rotterdam_7.26,Rotterdam_9.52,Rotterdam_11.78
05-01,Vlieland_7.22,Vlieland_9.10,Vlieland_10.98
05-02,Eindhoven_7.10,Eindhoven_9.48,Eindhoven_11.86
05-02,Rotterdam_7.40,Rotterdam_9.46,Rotterdam_11.52
05-02,Vlieland_7.93,Vlieland_9.10,Vlieland_10.27
05-03,Eindhoven_8.85,Eindhoven_10.58,Eindhoven_12.31
05-03,Rotterdam_7.98,Rotterdam_10.06,Rotterdam_12.14
05-03,Vlieland_7.89,Vlieland_9.02,Vlieland_10.15
05-04,Eindhoven_6.54,Eindhoven_11.30,Eindhoven_16.06
05-04,Rotterdam_6.59,Rotterdam_10.38,Rotterdam_14.17
05-04,Vlieland_7.29,Vlieland_9.10,Vlieland_10.91
05-05,Eindhoven_5.56,Eindhoven_10.26,Eindhoven_14.96
05-05,Rotterdam_6.01,Rotterdam_10.06,Rotterdam_14.11
05-05,Vlieland_6.63,Vlieland_9.56,Vlieland_12.49
05-06,Eindhoven_6.00,Eindhoven_10.90,Eindhoven_15.80
05-06,Rotterdam_5.91,Rotterdam_10.86,Rotterdam_15.81
05-06,Vlieland_6.24,Vlieland_9.98,Vlieland_13.72
05-07,Eindhoven_7.37,Eindhoven_12.34,Eindhoven_17.31
05-07,Rotterdam_7.53,Rotterdam_12.00,Rotterdam_16.47
05-07,Vlieland_6.26,Vlieland_10.28,Vlieland_14.30
05-08,Eindhoven_10.56,Eindhoven_13.76,Eindhoven_16.96
05-08,Rotterdam_10.42,Rotterdam_12.68,Rotterdam_14.94
05-08,Vlieland_8.59,Vlieland_11.06,Vlieland_13.53
05-09,Eindhoven_11.95,Eindhoven_15.94,Eindhoven_19.93
05-09,Rotterdam_12.13,Rotterdam_15.24,Rotterdam_18.35
05-09,Vlieland_11.52,Vlieland_13.18,Vlieland_14.84
05-10,Eindhoven_10.93,Eindhoven_14.90,Eindhoven_18.87
05-10,Rotterdam_10.85,Rotterdam_13.84,Rotterdam_16.83
05-10,Vlieland_8.43,Vlieland_11.34,Vlieland_14.25
05-11,Eindhoven_8.58,Eindhoven_13.22,Eindhoven_17.86
05-11,Rotterdam_8.31,Rotterdam_11.96,Rotterdam_15.61
05-11,Vlieland_8.02,Vlieland_10.68,Vlieland_13.34
05-12,Eindhoven_7.34,Eindhoven_11.66,Eindhoven_15.98
05-12,Rotterdam_7.79,Rotterdam_11.68,Rotterdam_15.57
05-12,Vlieland_8.62,Vlieland_10.82,Vlieland_13.02
05-13,Eindhoven_8.50,Eindhoven_12.56,Eindhoven_16.62
05-13,Rotterdam_8.15,Rotterdam_12.02,Rotterdam_15.89
05-13,Vlieland_7.48,Vlieland_10.36,Vlieland_13.24
05-14,Eindhoven_9.02,Eindhoven_12.62,Eindhoven_16.22
05-14,Rotterdam_8.39,Rotterdam_11.66,Rotterdam_14.93
05-14,Vlieland_7.55,Vlieland_9.92,Vlieland_12.29
05-15,Eindhoven_7.46,Eindhoven_12.86,Eindhoven_18.26
05-15,Rotterdam_7.91,Rotterdam_12.48,Rotterdam_17.05
05-15,Vlieland_8.46,Vlieland_11.00,Vlieland_13.54
05-16,Eindhoven_8.36,Eindhoven_12.72,Eindhoven_17.08
05-16,Rotterdam_8.76,Rotterdam_12.62,Rotterdam_16.48
05-16,Vlieland_9.24,Vlieland_11.86,Vlieland_14.48
05-17,Eindhoven_8.65,Eindhoven_12.98,Eindhoven_17.31
05-17,Rotterdam_9.28,Rotterdam_13.44,Rotterdam_17.60
05-17,Vlieland_8.89,Vlieland_12.36,Vlieland_15.83
05-18,Eindhoven_9.53,Eindhoven_15.04,Eindhoven_20.55
05-18,Rotterdam_10.13,Rotterdam_13.92,Rotterdam_17.71
05-18,Vlieland_9.64,Vlieland_12.36,Vlieland_15.08
05-19,Eindhoven_11.12,Eindhoven_15.08,Eindhoven_19.04
05-19,Rotterdam_11.22,Rotterdam_14.14,Rotterdam_17.06
05-19,Vlieland_10.59,Vlieland_12.64,Vlieland_14.69
05-20,Eindhoven_12.03,Eindhoven_14.52,Eindhoven_17.01
05-20,Rotterdam_11.68,Rotterdam_14.26,Rotterdam_16.84
05-20,Vlieland_11.35,Vlieland_12.96,Vlieland_14.57
05-21,Eindhoven_11.49,Eindhoven_15.54,Eindhoven_19.59
05-21,Rotterdam_10.58,Rotterdam_14.82,Rotterdam_19.06
05-21,Vlieland_9.93,Vlieland_13.46,Vlieland_16.99
05-22,Eindhoven_11.35,Eindhoven_15.68,Eindhoven_20.01
05-22,Rotterdam_11.01,Rotterdam_15.04,Rotterdam_19.07
05-22,Vlieland_10.53,Vlieland_13.56,Vlieland_16.59
05-23,Eindhoven_12.36,Eindhoven_14.82,Eindhoven_17.28
05-23,Rotterdam_11.65,Rotterdam_14.14,Rotterdam_16.63
05-23,Vlieland_10.97,Vlieland_12.90,Vlieland_14.83
05-24,Eindhoven_10.57,Eindhoven_13.06,Eindhoven_15.55
05-24,Rotterdam_11.32,Rotterdam_12.94,Rotterdam_14.56
05-24,Vlieland_11.40,Vlieland_12.46,Vlieland_13.52
05-25,Eindhoven_10.56,Eindhoven_13.44,Eindhoven_16.32
05-25,Rotterdam_10.89,Rotterdam_13.20,Rotterdam_15.51
05-25,Vlieland_10.31,Vlieland_12.04,Vlieland_13.77
05-26,Eindhoven_11.90,Eindhoven_14.92,Eindhoven_17.94
05-26,Rotterdam_11.56,Rotterdam_14.44,Rotterdam_17.32
05-26,Vlieland_10.79,Vlieland_12.88,Vlieland_14.97
05-27,Eindhoven_11.38,Eindhoven_14.32,Eindhoven_17.26
05-27,Rotterdam_11.39,Rotterdam_13.66,Rotterdam_15.93
05-27,Vlieland_10.76,Vlieland_12.00,Vlieland_13.24
05-28,Eindhoven_10.94,Eindhoven_14.00,Eindhoven_17.06
05-28,Rotterdam_11.15,Rotterdam_13.46,Rotterdam_15.77
05-28,Vlieland_10.50,Vlieland_11.66,Vlieland_12.82
05-29,Eindhoven_10.90,Eindhoven_13.88,Eindhoven_16.86
05-29,Rotterdam_11.27,Rotterdam_13.22,Rotterdam_15.17
05-29,Vlieland_10.44,Vlieland_11.74,Vlieland_13.04
05-30,Eindhoven_11.84,Eindhoven_15.42,Eindhoven_19.00
05-30,Rotterdam_11.33,Rotterdam_14.64,Rotterdam_17.95
05-30,Vlieland_10.31,Vlieland_12.94,Vlieland_15.57
05-31,Eindhoven_13.62,Eindhoven_16.76,Eindhoven_19.90
05-31,Rotterdam_13.65,Rotterdam_16.02,Rotterdam_18.39
05-31,Vlieland_11.88,Vlieland_13.94,Vlieland_16.00
06-01,Eindhoven_12.43,Eindhoven_17.22,Eindhoven_22.01
06-01,Rotterdam_12.23,Rotterdam_16.42,Rotterdam_20.61
06-01,Vlieland_11.43,Vlieland_14.60,Vlieland_17.77
06-02,Eindhoven_13.26,Eindhoven_18.88,Eindhoven_24.50
06-02,Rotterdam_12.84,Rotterdam_17.98,Rotterdam_23.12
06-02,Vlieland_12.02,Vlieland_16.06,Vlieland_20.10
06-03,Eindhoven_16.51,Eindhoven_18.38,Eindhoven_20.25
06-03,Rotterdam_15.28,Rotterdam_17.32,Rotterdam_19.36
06-03,Vlieland_14.08,Vlieland_14.92,Vlieland_15.76
06-04,Eindhoven_14.00,Eindhoven_17.80,Eindhoven_21.60
06-04,Rotterdam_13.26,Rotterdam_16.60,Rotterdam_19.94
06-04,Vlieland_11.46,Vlieland_13.52,Vlieland_15.58
06-05,Eindhoven_11.59,Eindhoven_15.46,Eindhoven_19.33
06-05,Rotterdam_11.42,Rotterdam_14.02,Rotterdam_16.62
06-05,Vlieland_10.72,Vlieland_13.04,Vlieland_15.36
06-06,Eindhoven_12.86,Eindhoven_15.46,Eindhoven_18.06
06-06,Rotterdam_12.29,Rotterdam_14.28,Rotterdam_16.27
06-06,Vlieland_11.22,Vlieland_12.82,Vlieland_14.42
06-07,Eindhoven_14.15,Eindhoven_16.24,Eindhoven_18.33
06-07,Rotterdam_13.11,Rotterdam_15.38,Rotterdam_17.65
06-07,Vlieland_11.95,Vlieland_13.62,Vlieland_15.29
06-08,Eindhoven_12.97,Eindhoven_16.72,Eindhoven_20.47
06-08,Rotterdam_13.38,Rotterdam_16.12,Rotterdam_18.86
06-08,Vlieland_12.19,Vlieland_14.10,Vlieland_16.01
06-09,Eindhoven_12.60,Eindhoven_17.60,Eindhoven_22.60
06-09,Rotterdam_12.78,Rotterdam_16.88,Rotterdam_20.98
06-09,Vlieland_11.96,Vlieland_14.72,Vlieland_17.48
06-10,Eindhoven_13.62,Eindhoven_19.04,Eindhoven_24.46
06-10,Rotterdam_13.63,Rotterdam_18.08,Rotterdam_22.53
06-10,Vlieland_13.61,Vlieland_15.84,Vlieland_18.07
06-11,Eindhoven_14.30,Eindhoven_19.36,Eindhoven_24.42
06-11,Rotterdam_13.01,Rotterdam_18.08,Rotterdam_23.15
06-11,Vlieland_12.18,Vlieland_16.34,Vlieland_20.50
06-12,Eindhoven_13.18,Eindhoven_18.44,Eindhoven_23.70
06-12,Rotterdam_12.39,Rotterdam_17.76,Rotterdam_23.13
06-12,Vlieland_13.04,Vlieland_16.30,Vlieland_19.56
06-13,Eindhoven_13.40,Eindhoven_18.16,Eindhoven_22.92
06-13,Rotterdam_13.34,Rotterdam_17.62,Rotterdam_21.90
06-13,Vlieland_13.52,Vlieland_16.06,Vlieland_18.60
06-14,Eindhoven_15.66,Eindhoven_18.82,Eindhoven_21.98
06-14,Rotterdam_15.29,Rotterdam_18.08,Rotterdam_20.87
06-14,Vlieland_14.12,Vlieland_16.38,Vlieland_18.64
06-15,Eindhoven_17.14,Eindhoven_19.44,Eindhoven_21.74
06-15,Rotterdam_15.86,Rotterdam_18.32,Rotterdam_20.78
06-15,Vlieland_14.45,Vlieland_16.00,Vlieland_17.55
06-16,Eindhoven_16.97,Eindhoven_19.94,Eindhoven_22.91
06-16,Rotterdam_16.80,Rotterdam_19.20,Rotterdam_21.60
06-16,Vlieland_14.75,Vlieland_16.94,Vlieland_19.13
06-17,Eindhoven_18.61,Eindhoven_21.90,Eindhoven_25.19
06-17,Rotterdam_18.57,Rotterdam_21.08,Rotterdam_23.59
06-17,Vlieland_15.04,Vlieland_18.32,Vlieland_21.60
06-18,Eindhoven_19.14,Eindhoven_22.52,Eindhoven_25.90
06-18,Rotterdam_18.03,Rotterdam_20.42,Rotterdam_22.81
06-18,Vlieland_15.06,Vlieland_17.58,Vlieland_20.10
06-19,Eindhoven_15.93,Eindhoven_19.40,Eindhoven_22.87
06-19,Rotterdam_14.79,Rotterdam_17.52,Rotterdam_20.25
06-19,Vlieland_14.15,Vlieland_16.18,Vlieland_18.21
06-20,Eindhoven_15.14,Eindhoven_18.84,Eindhoven_22.54
06-20,Rotterdam_14.42,Rotterdam_17.80,Rotterdam_21.18
06-20,Vlieland_13.12,Vlieland_16.36,Vlieland_19.60
06-21,Eindhoven_13.96,Eindhoven_17.54,Eindhoven_21.12
06-21,Rotterdam_13.85,Rotterdam_16.88,Rotterdam_19.91
06-21,Vlieland_13.07,Vlieland_15.58,Vlieland_18.09
06-22,Eindhoven_15.25,Eindhoven_17.72,Eindhoven_20.19
06-22,Rotterdam_15.29,Rotterdam_17.40,Rotterdam_19.51
06-22,Vlieland_13.91,Vlieland_15.80,Vlieland_17.69
06-23,Eindhoven_16.25,Eindhoven_20.88,Eindhoven_25.51
06-23,Rotterdam_15.99,Rotterdam_19.98,Rotterdam_23.97
06-23,Vlieland_14.05,Vlieland_17.72,Vlieland_21.39
06-24,Eindhoven_16.11,Eindhoven_21.52,Eindhoven_26.93
06-24,Rotterdam_16.08,Rotterdam_20.94,Rotterdam_25.80
06-24,Vlieland_14.17,Vlieland_19.14,Vlieland_24.11
06-25,Eindhoven_15.83,Eindhoven_22.32,Eindhoven_28.81
06-25,Rotterdam_16.25,Rotterdam_21.84,Rotterdam_27.43
06-25,Vlieland_16.06,Vlieland_20.22,Vlieland_24.38
06-26,Eindhoven_17.55,Eindhoven_20.52,Eindhoven_23.49
06-26,Rotterdam_16.44,Rotterdam_19.68,Rotterdam_22.92
06-26,Vlieland_14.34,Vlieland_18.14,Vlieland_21.94
06-27,Eindhoven_16.66,Eindhoven_18.98,Eindhoven_21.30
06-27,Rotterdam_16.58,Rotterdam_18.46,Rotterdam_20.34
06-27,Vlieland_15.11,Vlieland_16.88,Vlieland_18.65
06-28,Eindhoven_18.02,Eindhoven_18.94,Eindhoven_19.86
06-28,Rotterdam_17.66,Rotterdam_18.78,Rotterdam_19.90
06-28,Vlieland_15.35,Vlieland_16.88,Vlieland_18.41
06-29,Eindhoven_16.77,Eindhoven_20.68,Eindhoven_24.59
06-29,Rotterdam_14.89,Rotterdam_19.36,Rotterdam_23.83
06-29,Vlieland_14.11,Vlieland_17.50,Vlieland_20.89
06-30,Eindhoven_14.02,Eindhoven_17.78,Eindhoven_21.54
06-30,Rotterdam_14.10,Rotterdam_17.06,Rotterdam_20.02
06-30,Vlieland_14.18,Vlieland_16.68,Vlieland_19.18
07-01,Eindhoven_14.29,Eindhoven_16.64,Eindhoven_18.99
07-01,Rotterdam_15.16,Rotterdam_16.88,Rotterdam_18.60
07-01,Vlieland_15.84,Vlieland_16.70,Vlieland_17.56
07-02,Eindhoven_16.39,Eindhoven_17.32,Eindhoven_18.25
07-02,Rotterdam_16.53,Rotterdam_17.46,Rotterdam_18.39
07-02,Vlieland_15.20,Vlieland_16.48,Vlieland_17.76
07-03,Eindhoven_16.14,Eindhoven_17.52,Eindhoven_18.90
07-03,Rotterdam_15.27,Rotterdam_17.08,Rotterdam_18.89
07-03,Vlieland_15.04,Vlieland_16.42,Vlieland_17.80
07-04,Eindhoven_17.19,Eindhoven_17.58,Eindhoven_17.97
07-04,Rotterdam_16.28,Rotterdam_17.10,Rotterdam_17.92
07-04,Vlieland_16.20,Vlieland_16.76,Vlieland_17.32
07-05,Eindhoven_15.62,Eindhoven_17.52,Eindhoven_19.42
07-05,Rotterdam_15.64,Rotterdam_16.94,Rotterdam_18.24
07-05,Vlieland_15.32,Vlieland_16.56,Vlieland_17.80
07-06,Eindhoven_15.07,Eindhoven_16.74,Eindhoven_18.41
07-06,Rotterdam_15.03,Rotterdam_16.66,Rotterdam_18.29
07-06,Vlieland_15.24,Vlieland_16.48,Vlieland_17.72
07-07,Eindhoven_13.83,Eindhoven_17.70,Eindhoven_21.57
07-07,Rotterdam_13.15,Rotterdam_17.06,Rotterdam_20.97
07-07,Vlieland_13.66,Vlieland_16.34,Vlieland_19.02
07-08,Eindhoven_12.38,Eindhoven_18.30,Eindhoven_24.22
07-08,Rotterdam_13.01,Rotterdam_17.94,Rotterdam_22.87
07-08,Vlieland_13.07,Vlieland_16.92,Vlieland_20.77
07-09,Eindhoven_14.36,Eindhoven_18.54,Eindhoven_22.72
07-09,Rotterdam_14.55,Rotterdam_17.48,Rotterdam_20.41
07-09,Vlieland_13.00,Vlieland_16.26,Vlieland_19.52
07-10,Eindhoven_14.68,Eindhoven_17.70,Eindhoven_20.72
07-10,Rotterdam_14.64,Rotterdam_17.12,Rotterdam_19.60
07-10,Vlieland_14.14,Vlieland_16.46,Vlieland_18.78
07-11,Eindhoven_14.30,Eindhoven_18.62,Eindhoven_22.94
07-11,Rotterdam_15.45,Rotterdam_18.58,Rotterdam_21.71
07-11,Vlieland_15.31,Vlieland_17.46,Vlieland_19.61
07-12,Eindhoven_15.50,Eindhoven_18.34,Eindhoven_21.18
07-12,Rotterdam_15.25,Rotterdam_18.58,Rotterdam_21.91
07-12,Vlieland_15.82,Vlieland_17.96,Vlieland_20.10
07-13,Eindhoven_15.70,Eindhoven_18.66,Eindhoven_21.62
07-13,Rotterdam_16.49,Rotterdam_18.38,Rotterdam_20.27
07-13,Vlieland_16.27,Vlieland_17.52,Vlieland_18.77
07-14,Eindhoven_14.74,Eindhoven_17.62,Eindhoven_20.50
07-14,Rotterdam_15.07,Rotterdam_17.20,Rotterdam_19.33
07-14,Vlieland_14.86,Vlieland_16.78,Vlieland_18.70
07-15,Eindhoven_14.32,Eindhoven_17.18,Eindhoven_20.04
07-15,Rotterdam_14.76,Rotterdam_17.40,Rotterdam_20.04
07-15,Vlieland_14.60,Vlieland_17.10,Vlieland_19.60
07-16,Eindhoven_15.34,Eindhoven_17.08,Eindhoven_18.82
07-16,Rotterdam_15.92,Rotterdam_17.22,Rotterdam_18.52
07-16,Vlieland_14.80,Vlieland_16.60,Vlieland_18.40
07-17,Eindhoven_16.78,Eindhoven_18.38,Eindhoven_19.98
07-17,Rotterdam_17.68,Rotterdam_18.58,Rotterdam_19.48
07-17,Vlieland_17.14,Vlieland_17.80,Vlieland_18.46
07-18,Eindhoven_18.07,Eindhoven_20.66,Eindhoven_23.25
07-18,Rotterdam_17.24,Rotterdam_20.22,Rotterdam_23.20
07-18,Vlieland_16.98,Vlieland_19.12,Vlieland_21.26
07-19,Eindhoven_15.50,Eindhoven_21.20,Eindhoven_26.90
07-19,Rotterdam_14.17,Rotterdam_20.38,Rotterdam_26.59
07-19,Vlieland_13.96,Vlieland_18.80,Vlieland_23.64
07-20,Eindhoven_15.80,Eindhoven_19.40,Eindhoven_23.00
07-20,Rotterdam_15.13,Rotterdam_18.56,Rotterdam_21.99
07-20,Vlieland_15.05,Vlieland_18.08,Vlieland_21.11
07-21,Eindhoven_15.05,Eindhoven_17.36,Eindhoven_19.67
07-21,Rotterdam_15.13,Rotterdam_17.54,Rotterdam_19.95
07-21,Vlieland_16.03,Vlieland_17.12,Vlieland_18.21
07-22,Eindhoven_15.31,Eindhoven_18.38,Eindhoven_21.45
07-22,Rotterdam_15.13,Rotterdam_17.62,Rotterdam_20.11
07-22,Vlieland_14.90,Vlieland_16.72,Vlieland_18.54
07-23,Eindhoven_15.70,Eindhoven_20.16,Eindhoven_24.62
07-23,Rotterdam_16.10,Rotterdam_19.58,Rotterdam_23.06
07-23,Vlieland_16.32,Vlieland_18.56,Vlieland_20.80
07-24,Eindhoven_14.64,Eindhoven_21.12,Eindhoven_27.60
07-24,Rotterdam_15.59,Rotterdam_20.52,Rotterdam_25.45
07-24,Vlieland_16.21,Vlieland_19.66,Vlieland_23.11
07-25,Eindhoven_14.39,Eindhoven_21.58,Eindhoven_28.77
07-25,Rotterdam_14.33,Rotterdam_20.76,Rotterdam_27.19
07-25,Vlieland_15.39,Vlieland_19.40,Vlieland_23.41
07-26,Eindhoven_14.41,Eindhoven_20.08,Eindhoven_25.75
07-26,Rotterdam_14.57,Rotterdam_19.28,Rotterdam_23.99
07-26,Vlieland_14.34,Vlieland_19.46,Vlieland_24.58
07-27,Eindhoven_16.21,Eindhoven_18.06,Eindhoven_19.91
07-27,Rotterdam_16.18,Rotterdam_17.90,Rotterdam_19.62
07-27,Vlieland_14.73,Vlieland_18.50,Vlieland_22.27
07-28,Eindhoven_17.48,Eindhoven_18.50,Eindhoven_19.52
07-28,Rotterdam_17.14,Rotterdam_18.14,Rotterdam_19.14
07-28,Vlieland_15.48,Vlieland_17.98,Vlieland_20.48
07-29,Eindhoven_17.03,Eindhoven_18.56,Eindhoven_20.09
07-29,Rotterdam_16.65,Rotterdam_18.20,Rotterdam_19.75
07-29,Vlieland_15.42,Vlieland_17.50,Vlieland_19.58
07-30,Eindhoven_17.22,Eindhoven_19.56,Eindhoven_21.90
07-30,Rotterdam_17.09,Rotterdam_19.30,Rotterdam_21.51
07-30,Vlieland_16.36,Vlieland_18.42,Vlieland_20.48
07-31,Eindhoven_14.91,Eindhoven_19.96,Eindhoven_25.01
07-31,Rotterdam_15.31,Rotterdam_19.52,Rotterdam_23.73
07-31,Vlieland_16.55,Vlieland_18.64,Vlieland_20.73
08-01,Eindhoven_15.71,Eindhoven_18.64,Eindhoven_21.57
08-01,Rotterdam_16.75,Rotterdam_18.58,Rotterdam_20.41
08-01,Vlieland_15.94,Vlieland_17.70,Vlieland_19.46
08-02,Eindhoven_14.92,Eindhoven_18.06,Eindhoven_21.20
08-02,Rotterdam_15.49,Rotterdam_18.20,Rotterdam_20.91
08-02,Vlieland_15.88,Vlieland_17.74,Vlieland_19.60
08-03,Eindhoven_13.26,Eindhoven_18.04,Eindhoven_22.82
08-03,Rotterdam_14.03,Rotterdam_17.74,Rotterdam_21.45
08-03,Vlieland_15.10,Vlieland_17.42,Vlieland_19.74
08-04,Eindhoven_15.04,Eindhoven_18.78,Eindhoven_22.52
08-04,Rotterdam_15.63,Rotterdam_18.40,Rotterdam_21.17
08-04,Vlieland_16.47,Vlieland_17.84,Vlieland_19.21
08-05,Eindhoven_16.05,Eindhoven_19.18,Eindhoven_22.31
08-05,Rotterdam_15.72,Rotterdam_18.54,Rotterdam_21.36
08-05,Vlieland_15.72,Vlieland_18.08,Vlieland_20.44
08-06,Eindhoven_14.04,Eindhoven_18.50,Eindhoven_22.96
08-06,Rotterdam_14.93,Rotterdam_18.36,Rotterdam_21.79
08-06,Vlieland_15.59,Vlieland_17.94,Vlieland_20.29
08-07,Eindhoven_14.17,Eindhoven_19.02,Eindhoven_23.87
08-07,Rotterdam_14.37,Rotterdam_18.98,Rotterdam_23.59
08-07,Vlieland_14.84,Vlieland_18.62,Vlieland_22.40
08-08,Eindhoven_14.05,Eindhoven_19.64,Eindhoven_25.23
08-08,Rotterdam_14.07,Rotterdam_19.28,Rotterdam_24.49
08-08,Vlieland_15.70,Vlieland_18.58,Vlieland_21.46
08-09,Eindhoven_14.56,Eindhoven_20.56,Eindhoven_26.56
08-09,Rotterdam_15.18,Rotterdam_19.98,Rotterdam_24.78
08-09,Vlieland_15.79,Vlieland_18.14,Vlieland_20.49
08-10,Eindhoven_16.15,Eindhoven_21.40,Eindhoven_26.65
08-10,Rotterdam_16.91,Rotterdam_20.86,Rotterdam_24.81
08-10,Vlieland_16.53,Vlieland_19.50,Vlieland_22.47
08-11,Eindhoven_17.01,Eindhoven_21.80,Eindhoven_26.59
08-11,Rotterdam_17.03,Rotterdam_21.34,Rotterdam_25.65
08-11,Vlieland_17.25,Vlieland_20.48,Vlieland_23.71
08-12,Eindhoven_16.09,Eindhoven_21.68,Eindhoven_27.27
08-12,Rotterdam_15.77,Rotterdam_21.08,Rotterdam_26.39
08-12,Vlieland_16.36,Vlieland_20.30,Vlieland_24.24
08-13,Eindhoven_14.33,Eindhoven_20.00,Eindhoven_25.67
08-13,Rotterdam_14.84,Rotterdam_20.12,Rotterdam_25.40
08-13,Vlieland_15.24,Vlieland_20.02,Vlieland_24.80
08-14,Eindhoven_15.98,Eindhoven_20.60,Eindhoven_25.22
08-14,Rotterdam_16.65,Rotterdam_20.46,Rotterdam_24.27
08-14,Vlieland_16.76,Vlieland_20.42,Vlieland_24.08
08-15,Eindhoven_18.27,Eindhoven_20.44,Eindhoven_22.61
08-15,Rotterdam_17.51,Rotterdam_19.76,Rotterdam_22.01
08-15,Vlieland_17.21,Vlieland_19.60,Vlieland_21.99
08-16,Eindhoven_15.27,Eindhoven_19.62,Eindhoven_23.97
08-16,Rotterdam_16.07,Rotterdam_19.30,Rotterdam_22.53
08-16,Vlieland_15.87,Vlieland_18.72,Vlieland_21.57
08-17,Eindhoven_15.15,Eindhoven_18.14,Eindhoven_21.13
08-17,Rotterdam_16.05,Rotterdam_18.20,Rotterdam_20.35
08-17,Vlieland_16.58,Vlieland_18.14,Vlieland_19.70
08-18,Eindhoven_16.22,Eindhoven_18.82,Eindhoven_21.42
08-18,Rotterdam_16.57,Rotterdam_18.86,Rotterdam_21.15
08-18,Vlieland_17.52,Vlieland_18.42,Vlieland_19.32
08-19,Eindhoven_16.11,Eindhoven_19.48,Eindhoven_22.85
08-19,Rotterdam_16.43,Rotterdam_19.52,Rotterdam_22.61
08-19,Vlieland_16.54,Vlieland_19.02,Vlieland_21.50
08-20,Eindhoven_15.34,Eindhoven_19.70,Eindhoven_24.06
08-20,Rotterdam_15.92,Rotterdam_19.22,Rotterdam_22.52
08-20,Vlieland_16.34,Vlieland_18.92,Vlieland_21.50
08-21,Eindhoven_16.01,Eindhoven_19.72,Eindhoven_23.43
08-21,Rotterdam_16.50,Rotterdam_19.64,Rotterdam_22.78
08-21,Vlieland_17.13,Vlieland_19.08,Vlieland_21.03
08-22,Eindhoven_17.60,Eindhoven_19.08,Eindhoven_20.56
08-22,Rotterdam_16.94,Rotterdam_18.72,Rotterdam_20.50
08-22,Vlieland_17.40,Vlieland_18.46,Vlieland_19.52
08-23,Eindhoven_16.99,Eindhoven_19.40,Eindhoven_21.81
08-23,Rotterdam_17.46,Rotterdam_19.28,Rotterdam_21.10
08-23,Vlieland_17.23,Vlieland_18.92,Vlieland_20.61
08-24,Eindhoven_16.08,Eindhoven_20.16,Eindhoven_24.24
08-24,Rotterdam_16.78,Rotterdam_20.04,Rotterdam_23.30
08-24,Vlieland_15.80,Vlieland_18.86,Vlieland_21.92
08-25,Eindhoven_15.58,Eindhoven_20.34,Eindhoven_25.10
08-25,Rotterdam_16.11,Rotterdam_19.74,Rotterdam_23.37
08-25,Vlieland_15.31,Vlieland_18.98,Vlieland_22.65
08-26,Eindhoven_14.05,Eindhoven_18.60,Eindhoven_23.15
08-26,Rotterdam_14.57,Rotterdam_18.32,Rotterdam_22.07
08-26,Vlieland_15.14,Vlieland_18.26,Vlieland_21.38
08-27,Eindhoven_12.70,Eindhoven_18.12,Eindhoven_23.54
08-27,Rotterdam_13.06,Rotterdam_17.84,Rotterdam_22.62
08-27,Vlieland_13.99,Vlieland_18.14,Vlieland_22.29
08-28,Eindhoven_13.53,Eindhoven_17.70,Eindhoven_21.87
08-28,Rotterdam_14.85,Rotterdam_17.48,Rotterdam_20.11
08-28,Vlieland_15.53,Vlieland_17.88,Vlieland_20.23
08-29,Eindhoven_13.91,Eindhoven_16.08,Eindhoven_18.25
08-29,Rotterdam_15.02,Rotterdam_16.42,Rotterdam_17.82
08-29,Vlieland_16.18,Vlieland_17.16,Vlieland_18.14
08-30,Eindhoven_13.82,Eindhoven_16.70,Eindhoven_19.58
08-30,Rotterdam_14.76,Rotterdam_16.80,Rotterdam_18.84
08-30,Vlieland_15.45,Vlieland_17.12,Vlieland_18.79
08-31,Eindhoven_13.91,Eindhoven_17.28,Eindhoven_20.65
08-31,Rotterdam_14.33,Rotterdam_17.14,Rotterdam_19.95
08-31,Vlieland_14.71,Vlieland_17.14,Vlieland_19.57
09-01,Eindhoven_13.59,Eindhoven_16.70,Eindhoven_19.81
09-01,Rotterdam_14.16,Rotterdam_16.30,Rotterdam_18.44
09-01,Vlieland_14.78,Vlieland_16.32,Vlieland_17.86
09-02,Eindhoven_14.26,Eindhoven_17.40,Eindhoven_20.54
09-02,Rotterdam_14.31,Rotterdam_16.78,Rotterdam_19.25
09-02,Vlieland_14.43,Vlieland_16.48,Vlieland_18.53
09-03,Eindhoven_15.94,Eindhoven_18.20,Eindhoven_20.46
09-03,Rotterdam_15.94,Rotterdam_17.96,Rotterdam_19.98
09-03,Vlieland_14.47,Vlieland_16.80,Vlieland_19.13
09-04,Eindhoven_15.04,Eindhoven_17.96,Eindhoven_20.88
09-04,Rotterdam_14.87,Rotterdam_17.52,Rotterdam_20.17
09-04,Vlieland_15.64,Vlieland_17.54,Vlieland_19.44
09-05,Eindhoven_12.53,Eindhoven_18.08,Eindhoven_23.63
09-05,Rotterdam_12.90,Rotterdam_17.68,Rotterdam_22.46
09-05,Vlieland_14.03,Vlieland_17.62,Vlieland_21.21
09-06,Eindhoven_12.33,Eindhoven_17.72,Eindhoven_23.11
09-06,Rotterdam_13.68,Rotterdam_18.14,Rotterdam_22.60
09-06,Vlieland_14.01,Vlieland_17.72,Vlieland_21.43
09-07,Eindhoven_13.95,Eindhoven_18.42,Eindhoven_22.89
09-07,Rotterdam_14.12,Rotterdam_18.24,Rotterdam_22.36
09-07,Vlieland_15.02,Vlieland_18.40,Vlieland_21.78
09-08,Eindhoven_13.67,Eindhoven_18.32,Eindhoven_22.97
09-08,Rotterdam_13.75,Rotterdam_18.18,Rotterdam_22.61
09-08,Vlieland_14.90,Vlieland_18.04,Vlieland_21.18
09-09,Eindhoven_12.72,Eindhoven_17.82,Eindhoven_22.92
09-09,Rotterdam_13.19,Rotterdam_17.68,Rotterdam_22.17
09-09,Vlieland_14.28,Vlieland_17.36,Vlieland_20.44
09-10,Eindhoven_11.43,Eindhoven_17.46,Eindhoven_23.49
09-10,Rotterdam_12.19,Rotterdam_18.14,Rotterdam_24.09
09-10,Vlieland_14.51,Vlieland_18.22,Vlieland_21.93
09-11,Eindhoven_12.39,Eindhoven_16.76,Eindhoven_21.13
09-11,Rotterdam_14.53,Rotterdam_17.56,Rotterdam_20.59
09-11,Vlieland_15.18,Vlieland_17.76,Vlieland_20.34
09-12,Eindhoven_14.64,Eindhoven_17.52,Eindhoven_20.40
09-12,Rotterdam_15.87,Rotterdam_17.96,Rotterdam_20.05
09-12,Vlieland_16.23,Vlieland_17.84,Vlieland_19.45
09-13,Eindhoven_15.28,Eindhoven_17.18,Eindhoven_19.08
09-13,Rotterdam_15.51,Rotterdam_16.90,Rotterdam_18.29
09-13,Vlieland_14.75,Vlieland_16.32,Vlieland_17.89
09-14,Eindhoven_12.86,Eindhoven_16.46,Eindhoven_20.06
09-14,Rotterdam_14.21,Rotterdam_16.76,Rotterdam_19.31
09-14,Vlieland_14.47,Vlieland_16.56,Vlieland_18.65
09-15,Eindhoven_13.14,Eindhoven_17.58,Eindhoven_22.02
09-15,Rotterdam_13.91,Rotterdam_17.36,Rotterdam_20.81
09-15,Vlieland_15.12,Vlieland_17.40,Vlieland_19.68
09-16,Eindhoven_11.97,Eindhoven_16.14,Eindhoven_20.31
09-16,Rotterdam_13.00,Rotterdam_16.20,Rotterdam_19.40
09-16,Vlieland_14.40,Vlieland_16.18,Vlieland_17.96
09-17,Eindhoven_11.03,Eindhoven_14.98,Eindhoven_18.93
09-17,Rotterdam_12.22,Rotterdam_14.88,Rotterdam_17.54
09-17,Vlieland_13.08,Vlieland_15.30,Vlieland_17.52
09-18,Eindhoven_10.21,Eindhoven_14.72,Eindhoven_19.23
09-18,Rotterdam_11.44,Rotterdam_15.00,Rotterdam_18.56
09-18,Vlieland_12.61,Vlieland_15.26,Vlieland_17.91
09-19,Eindhoven_11.46,Eindhoven_15.02,Eindhoven_18.58
09-19,Rotterdam_12.12,Rotterdam_14.66,Rotterdam_17.20
09-19,Vlieland_13.76,Vlieland_15.42,Vlieland_17.08
09-20,Eindhoven_11.02,Eindhoven_14.44,Eindhoven_17.86
09-20,Rotterdam_11.32,Rotterdam_14.52,Rotterdam_17.72
09-20,Vlieland_12.53,Vlieland_15.24,Vlieland_17.95
09-21,Eindhoven_10.91,Eindhoven_14.44,Eindhoven_17.97
09-21,Rotterdam_12.19,Rotterdam_14.44,Rotterdam_16.69
09-21,Vlieland_13.37,Vlieland_14.90,Vlieland_16.43
09-22,Eindhoven_10.51,Eindhoven_14.38,Eindhoven_18.25
09-22,Rotterdam_12.23,Rotterdam_15.04,Rotterdam_17.85
09-22,Vlieland_13.64,Vlieland_15.70,Vlieland_17.76
09-23,Eindhoven_12.16,Eindhoven_14.70,Eindhoven_17.24
09-23,Rotterdam_13.83,Rotterdam_15.64,Rotterdam_17.45
09-23,Vlieland_14.21,Vlieland_15.88,Vlieland_17.55
09-24,Eindhoven_12.99,Eindhoven_14.76,Eindhoven_16.53
09-24,Rotterdam_13.21,Rotterdam_15.30,Rotterdam_17.39
09-24,Vlieland_13.96,Vlieland_15.72,Vlieland_17.48
09-25,Eindhoven_10.63,Eindhoven_14.08,Eindhoven_17.53
09-25,Rotterdam_11.19,Rotterdam_14.68,Rotterdam_18.17
09-25,Vlieland_12.49,Vlieland_15.18,Vlieland_17.87
09-26,Eindhoven_11.30,Eindhoven_14.70,Eindhoven_18.10
09-26,Rotterdam_12.04,Rotterdam_15.46,Rotterdam_18.88
09-26,Vlieland_13.17,Vlieland_15.72,Vlieland_18.27
09-27,Eindhoven_9.98,Eindhoven_14.16,Eindhoven_18.34
09-27,Rotterdam_10.96,Rotterdam_15.02,Rotterdam_19.08
09-27,Vlieland_11.76,Vlieland_15.32,Vlieland_18.88
09-28,Eindhoven_9.55,Eindhoven_13.40,Eindhoven_17.25
09-28,Rotterdam_10.91,Rotterdam_14.68,Rotterdam_18.45
09-28,Vlieland_12.37,Vlieland_15.46,Vlieland_18.55
09-29,Eindhoven_9.33,Eindhoven_13.48,Eindhoven_17.63
09-29,Rotterdam_10.90,Rotterdam_14.08,Rotterdam_17.26
09-29,Vlieland_11.71,Vlieland_14.40,Vlieland_17.09
09-30,Eindhoven_10.47,Eindhoven_13.50,Eindhoven_16.53
09-30,Rotterdam_12.32,Rotterdam_14.38,Rotterdam_16.44
09-30,Vlieland_12.76,Vlieland_14.74,Vlieland_16.72
10-01,Eindhoven_12.68,Eindhoven_14.64,Eindhoven_16.60
10-01,Rotterdam_12.78,Rotterdam_15.10,Rotterdam_17.42
10-01,Vlieland_12.51,Vlieland_14.82,Vlieland_17.13
10-02,Eindhoven_10.17,Eindhoven_14.12,Eindhoven_18.07
10-02,Rotterdam_10.31,Rotterdam_14.12,Rotterdam_17.93
10-02,Vlieland_11.74,Vlieland_14.54,Vlieland_17.34
10-03,Eindhoven_10.44,Eindhoven_12.86,Eindhoven_15.28
10-03,Rotterdam_10.87,Rotterdam_13.34,Rotterdam_15.81
10-03,Vlieland_12.63,Vlieland_14.34,Vlieland_16.05
10-04,Eindhoven_11.45,Eindhoven_12.86,Eindhoven_14.27
10-04,Rotterdam_11.40,Rotterdam_13.48,Rotterdam_15.56
10-04,Vlieland_10.39,Vlieland_13.50,Vlieland_16.61
10-05,Eindhoven_10.30,Eindhoven_13.04,Eindhoven_15.78
10-05,Rotterdam_10.11,Rotterdam_13.42,Rotterdam_16.73
10-05,Vlieland_10.67,Vlieland_13.82,Vlieland_16.97
10-06,Eindhoven_9.61,Eindhoven_12.20,Eindhoven_14.79
10-06,Rotterdam_9.89,Rotterdam_13.14,Rotterdam_16.39
10-06,Vlieland_10.08,Vlieland_13.62,Vlieland_17.16
10-07,Eindhoven_9.40,Eindhoven_12.86,Eindhoven_16.32
10-07,Rotterdam_10.32,Rotterdam_13.88,Rotterdam_17.44
10-07,Vlieland_9.99,Vlieland_13.88,Vlieland_17.77
10-08,Eindhoven_10.43,Eindhoven_12.88,Eindhoven_15.33
10-08,Rotterdam_10.71,Rotterdam_13.26,Rotterdam_15.81
10-08,Vlieland_12.17,Vlieland_13.60,Vlieland_15.03
10-09,Eindhoven_9.49,Eindhoven_12.28,Eindhoven_15.07
10-09,Rotterdam_9.28,Rotterdam_12.74,Rotterdam_16.20
10-09,Vlieland_9.73,Vlieland_12.92,Vlieland_16.11
10-10,Eindhoven_7.82,Eindhoven_11.72,Eindhoven_15.62
10-10,Rotterdam_8.22,Rotterdam_12.36,Rotterdam_16.50
10-10,Vlieland_9.95,Vlieland_13.32,Vlieland_16.69
10-11,Eindhoven_7.33,Eindhoven_12.14,Eindhoven_16.95
10-11,Rotterdam_8.48,Rotterdam_12.96,Rotterdam_17.44
10-11,Vlieland_11.76,Vlieland_14.10,Vlieland_16.44
10-12,Eindhoven_7.59,Eindhoven_12.12,Eindhoven_16.65
10-12,Rotterdam_9.15,Rotterdam_12.12,Rotterdam_15.09
10-12,Vlieland_11.71,Vlieland_12.60,Vlieland_13.49
10-13,Eindhoven_8.19,Eindhoven_13.92,Eindhoven_19.65
10-13,Rotterdam_9.67,Rotterdam_13.64,Rotterdam_17.61
10-13,Vlieland_11.07,Vlieland_13.62,Vlieland_16.17
10-14,Eindhoven_8.78,Eindhoven_12.48,Eindhoven_16.18
10-14,Rotterdam_9.91,Rotterdam_12.78,Rotterdam_15.65
10-14,Vlieland_11.05,Vlieland_12.64,Vlieland_14.23
10-15,Eindhoven_6.85,Eindhoven_11.02,Eindhoven_15.19
10-15,Rotterdam_8.25,Rotterdam_11.82,Rotterdam_15.39
10-15,Vlieland_9.61,Vlieland_12.22,Vlieland_14.83
10-16,Eindhoven_6.11,Eindhoven_10.38,Eindhoven_14.65
10-16,Rotterdam_7.42,Rotterdam_11.08,Rotterdam_14.74
10-16,Vlieland_10.21,Vlieland_12.28,Vlieland_14.35
10-17,Eindhoven_6.74,Eindhoven_11.16,Eindhoven_15.58
10-17,Rotterdam_8.38,Rotterdam_11.80,Rotterdam_15.22
10-17,Vlieland_9.33,Vlieland_12.42,Vlieland_15.51
10-18,Eindhoven_9.25,Eindhoven_11.34,Eindhoven_13.43
10-18,Rotterdam_10.16,Rotterdam_11.56,Rotterdam_12.96
10-18,Vlieland_9.59,Vlieland_11.88,Vlieland_14.17
10-19,Eindhoven_9.38,Eindhoven_12.80,Eindhoven_16.22
10-19,Rotterdam_9.37,Rotterdam_13.10,Rotterdam_16.83
10-19,Vlieland_9.29,Vlieland_12.10,Vlieland_14.91
10-20,Eindhoven_10.85,Eindhoven_13.34,Eindhoven_15.83
10-20,Rotterdam_11.48,Rotterdam_13.38,Rotterdam_15.28
10-20,Vlieland_8.12,Vlieland_11.46,Vlieland_14.80
10-21,Eindhoven_10.11,Eindhoven_13.40,Eindhoven_16.69
10-21,Rotterdam_10.54,Rotterdam_13.46,Rotterdam_16.38
10-21,Vlieland_10.97,Vlieland_12.42,Vlieland_13.87
10-22,Eindhoven_8.93,Eindhoven_12.12,Eindhoven_15.31
10-22,Rotterdam_9.90,Rotterdam_12.28,Rotterdam_14.66
10-22,Vlieland_10.81,Vlieland_12.68,Vlieland_14.55
10-23,Eindhoven_8.78,Eindhoven_12.18,Eindhoven_15.58
10-23,Rotterdam_9.11,Rotterdam_11.90,Rotterdam_14.69
10-23,Vlieland_10.86,Vlieland_12.14,Vlieland_13.42
10-24,Eindhoven_8.56,Eindhoven_12.72,Eindhoven_16.88
10-24,Rotterdam_10.20,Rotterdam_13.14,Rotterdam_16.08
10-24,Vlieland_10.66,Vlieland_12.86,Vlieland_15.06
10-25,Eindhoven_9.94,Eindhoven_12.02,Eindhoven_14.10
10-25,Rotterdam_9.92,Rotterdam_12.12,Rotterdam_14.32
10-25,Vlieland_10.74,Vlieland_12.66,Vlieland_14.58
10-26,Eindhoven_9.06,Eindhoven_12.90,Eindhoven_16.74
10-26,Rotterdam_9.21,Rotterdam_12.86,Rotterdam_16.51
10-26,Vlieland_9.32,Vlieland_12.52,Vlieland_15.72
10-27,Eindhoven_7.96,Eindhoven_11.96,Eindhoven_15.96
10-27,Rotterdam_8.28,Rotterdam_12.16,Rotterdam_16.04
10-27,Vlieland_9.61,Vlieland_12.34,Vlieland_15.07
10-28,Eindhoven_7.23,Eindhoven_11.72,Eindhoven_16.21
10-28,Rotterdam_7.90,Rotterdam_11.76,Rotterdam_15.62
10-28,Vlieland_9.67,Vlieland_11.98,Vlieland_14.29
10-29,Eindhoven_7.39,Eindhoven_12.20,Eindhoven_17.01
10-29,Rotterdam_7.48,Rotterdam_12.12,Rotterdam_16.76
10-29,Vlieland_9.20,Vlieland_11.92,Vlieland_14.64
10-30,Eindhoven_6.50,Eindhoven_11.58,Eindhoven_16.66
10-30,Rotterdam_6.16,Rotterdam_11.46,Rotterdam_16.76
10-30,Vlieland_8.01,Vlieland_12.02,Vlieland_16.03
10-31,Eindhoven_6.56,Eindhoven_11.20,Eindhoven_15.84
10-31,Rotterdam_6.04,Rotterdam_10.78,Rotterdam_15.52
10-31,Vlieland_6.99,Vlieland_11.08,Vlieland_15.17
11-01,Eindhoven_8.46,Eindhoven_12.10,Eindhoven_15.74
11-01,Rotterdam_8.92,Rotterdam_11.96,Rotterdam_15.00
11-01,Vlieland_8.13,Vlieland_11.46,Vlieland_14.79
11-02,Eindhoven_7.74,Eindhoven_11.96,Eindhoven_16.18
11-02,Rotterdam_8.02,Rotterdam_11.80,Rotterdam_15.58
11-02,Vlieland_8.77,Vlieland_11.68,Vlieland_14.59
11-03,Eindhoven_5.62,Eindhoven_9.26,Eindhoven_12.90
11-03,Rotterdam_6.56,Rotterdam_9.58,Rotterdam_12.60
11-03,Vlieland_8.52,Vlieland_10.50,Vlieland_12.48
11-04,Eindhoven_5.10,Eindhoven_8.02,Eindhoven_10.94
11-04,Rotterdam_6.96,Rotterdam_8.76,Rotterdam_10.56
11-04,Vlieland_9.27,Vlieland_10.28,Vlieland_11.29
11-05,Eindhoven_4.62,Eindhoven_7.56,Eindhoven_10.50
11-05,Rotterdam_7.58,Rotterdam_9.16,Rotterdam_10.74
11-05,Vlieland_9.92,Vlieland_10.78,Vlieland_11.64
11-06,Eindhoven_7.10,Eindhoven_8.64,Eindhoven_10.18
11-06,Rotterdam_8.43,Rotterdam_9.74,Rotterdam_11.05
11-06,Vlieland_8.37,Vlieland_10.60,Vlieland_12.83
11-07,Eindhoven_6.69,Eindhoven_9.42,Eindhoven_12.15
11-07,Rotterdam_6.87,Rotterdam_9.76,Rotterdam_12.65
11-07,Vlieland_7.15,Vlieland_10.26,Vlieland_13.37
11-08,Eindhoven_4.58,Eindhoven_8.72,Eindhoven_12.86
11-08,Rotterdam_6.07,Rotterdam_9.32,Rotterdam_12.57
11-08,Vlieland_7.62,Vlieland_10.08,Vlieland_12.54
11-09,Eindhoven_4.53,Eindhoven_9.14,Eindhoven_13.75
11-09,Rotterdam_7.00,Rotterdam_9.72,Rotterdam_12.44
11-09,Vlieland_8.22,Vlieland_10.14,Vlieland_12.06
11-10,Eindhoven_2.22,Eindhoven_7.44,Eindhoven_12.66
11-10,Rotterdam_4.27,Rotterdam_8.94,Rotterdam_13.61
11-10,Vlieland_7.45,Vlieland_10.34,Vlieland_13.23
11-11,Eindhoven_4.76,Eindhoven_7.60,Eindhoven_10.44
11-11,Rotterdam_6.78,Rotterdam_9.28,Rotterdam_11.78
11-11,Vlieland_7.46,Vlieland_10.38,Vlieland_13.30
11-12,Eindhoven_4.55,Eindhoven_7.00,Eindhoven_9.45
11-12,Rotterdam_5.43,Rotterdam_8.02,Rotterdam_10.61
11-12,Vlieland_7.01,Vlieland_9.06,Vlieland_11.11
11-13,Eindhoven_6.54,Eindhoven_9.12,Eindhoven_11.70
11-13,Rotterdam_6.59,Rotterdam_9.32,Rotterdam_12.05
11-13,Vlieland_8.23,Vlieland_9.84,Vlieland_11.45
11-14,Eindhoven_4.72,Eindhoven_8.90,Eindhoven_13.08
11-14,Rotterdam_5.13,Rotterdam_9.24,Rotterdam_13.35
11-14,Vlieland_6.06,Vlieland_9.08,Vlieland_12.10
11-15,Eindhoven_4.57,Eindhoven_9.10,Eindhoven_13.63
11-15,Rotterdam_5.01,Rotterdam_9.26,Rotterdam_13.51
11-15,Vlieland_5.15,Vlieland_8.76,Vlieland_12.37
11-16,Eindhoven_3.58,Eindhoven_7.40,Eindhoven_11.22
11-16,Rotterdam_4.23,Rotterdam_7.80,Rotterdam_11.37
11-16,Vlieland_5.52,Vlieland_8.38,Vlieland_11.24
11-17,Eindhoven_3.47,Eindhoven_7.60,Eindhoven_11.73
11-17,Rotterdam_4.74,Rotterdam_8.46,Rotterdam_12.18
11-17,Vlieland_5.70,Vlieland_9.18,Vlieland_12.66
11-18,Eindhoven_5.37,Eindhoven_8.74,Eindhoven_12.11
11-18,Rotterdam_6.50,Rotterdam_9.50,Rotterdam_12.50
11-18,Vlieland_6.47,Vlieland_9.64,Vlieland_12.81
11-19,Eindhoven_2.15,Eindhoven_7.52,Eindhoven_12.89
11-19,Rotterdam_1.77,Rotterdam_7.84,Rotterdam_13.91
11-19,Vlieland_3.12,Vlieland_8.48,Vlieland_13.84
11-20,Eindhoven_1.21,Eindhoven_5.48,Eindhoven_9.75
11-20,Rotterdam_0.67,Rotterdam_5.90,Rotterdam_11.13
11-20,Vlieland_1.90,Vlieland_7.22,Vlieland_12.54
11-21,Eindhoven_3.11,Eindhoven_5.96,Eindhoven_8.81
11-21,Rotterdam_3.36,Rotterdam_6.78,Rotterdam_10.20
11-21,Vlieland_2.46,Vlieland_7.14,Vlieland_11.82
11-22,Eindhoven_2.61,Eindhoven_5.74,Eindhoven_8.87
11-22,Rotterdam_4.78,Rotterdam_6.78,Rotterdam_8.78
11-22,Vlieland_5.49,Vlieland_7.84,Vlieland_10.19
11-23,Eindhoven_4.23,Eindhoven_7.20,Eindhoven_10.17
11-23,Rotterdam_5.04,Rotterdam_7.94,Rotterdam_10.84
11-23,Vlieland_6.19,Vlieland_9.00,Vlieland_11.81
11-24,Eindhoven_5.34,Eindhoven_7.08,Eindhoven_8.82
11-24,Rotterdam_6.07,Rotterdam_7.60,Rotterdam_9.13
11-24,Vlieland_6.27,Vlieland_8.22,Vlieland_10.17
11-25,Eindhoven_2.55,Eindhoven_5.60,Eindhoven_8.65
11-25,Rotterdam_6.04,Rotterdam_7.34,Rotterdam_8.64
11-25,Vlieland_6.40,Vlieland_8.16,Vlieland_9.92
11-26,Eindhoven_3.24,Eindhoven_6.54,Eindhoven_9.84
11-26,Rotterdam_4.87,Rotterdam_7.62,Rotterdam_10.37
11-26,Vlieland_6.52,Vlieland_7.76,Vlieland_9.00
11-27,Eindhoven_1.78,Eindhoven_5.84,Eindhoven_9.90
11-27,Rotterdam_3.33,Rotterdam_6.60,Rotterdam_9.87
11-27,Vlieland_4.80,Vlieland_6.42,Vlieland_8.04
11-28,Eindhoven_0.94,Eindhoven_5.14,Eindhoven_9.34
11-28,Rotterdam_1.83,Rotterdam_5.70,Rotterdam_9.57
11-28,Vlieland_3.98,Vlieland_6.72,Vlieland_9.46
11-29,Eindhoven_0.46,Eindhoven_3.28,Eindhoven_6.10
11-29,Rotterdam_2.35,Rotterdam_4.22,Rotterdam_6.09
11-29,Vlieland_2.22,Vlieland_5.70,Vlieland_9.18
11-30,Eindhoven_-0.80,Eindhoven_3.56,Eindhoven_7.92
11-30,Rotterdam_0.30,Rotterdam_4.60,Rotterdam_8.90
11-30,Vlieland_1.52,Vlieland_5.50,Vlieland_9.48
12-01,Eindhoven_-0.45,Eindhoven_4.36,Eindhoven_9.17
12-01,Rotterdam_-1.39,Rotterdam_3.96,Rotterdam_9.31
12-01,Vlieland_1.03,Vlieland_5.50,Vlieland_9.97
12-02,Eindhoven_-0.48,Eindhoven_2.54,Eindhoven_5.56
12-02,Rotterdam_0.67,Rotterdam_3.54,Rotterdam_6.41
12-02,Vlieland_2.14,Vlieland_5.10,Vlieland_8.06
12-03,Eindhoven_0.47,Eindhoven_2.72,Eindhoven_4.97
12-03,Rotterdam_0.73,Rotterdam_3.36,Rotterdam_5.99
12-03,Vlieland_2.45,Vlieland_5.42,Vlieland_8.39
12-04,Eindhoven_0.07,Eindhoven_2.72,Eindhoven_5.37
12-04,Rotterdam_1.00,Rotterdam_3.58,Rotterdam_6.16
12-04,Vlieland_1.98,Vlieland_4.74,Vlieland_7.50
12-05,Eindhoven_1.69,Eindhoven_2.78,Eindhoven_3.87
12-05,Rotterdam_2.10,Rotterdam_3.54,Rotterdam_4.98
12-05,Vlieland_2.35,Vlieland_4.94,Vlieland_7.53
12-06,Eindhoven_1.32,Eindhoven_3.54,Eindhoven_5.76
12-06,Rotterdam_1.23,Rotterdam_3.88,Rotterdam_6.53
12-06,Vlieland_2.80,Vlieland_5.94,Vlieland_9.08
12-07,Eindhoven_0.70,Eindhoven_4.26,Eindhoven_7.82
12-07,Rotterdam_1.39,Rotterdam_4.88,Rotterdam_8.37
12-07,Vlieland_2.74,Vlieland_6.02,Vlieland_9.30
12-08,Eindhoven_1.58,Eindhoven_5.00,Eindhoven_8.42
12-08,Rotterdam_1.37,Rotterdam_5.06,Rotterdam_8.75
12-08,Vlieland_1.57,Vlieland_4.88,Vlieland_8.19
12-09,Eindhoven_-0.53,Eindhoven_3.72,Eindhoven_7.97
12-09,Rotterdam_0.06,Rotterdam_4.30,Rotterdam_8.54
12-09,Vlieland_1.85,Vlieland_4.94,Vlieland_8.03
12-10,Eindhoven_-2.10,Eindhoven_3.28,Eindhoven_8.66
12-10,Rotterdam_0.10,Rotterdam_4.44,Rotterdam_8.78
12-10,Vlieland_0.57,Vlieland_4.44,Vlieland_8.31
12-11,Eindhoven_0.35,Eindhoven_4.48,Eindhoven_8.61
12-11,Rotterdam_1.73,Rotterdam_5.48,Rotterdam_9.23
12-11,Vlieland_1.39,Vlieland_5.02,Vlieland_8.65
12-12,Eindhoven_-0.85,Eindhoven_5.18,Eindhoven_11.21
12-12,Rotterdam_-0.04,Rotterdam_5.60,Rotterdam_11.24
12-12,Vlieland_1.15,Vlieland_5.20,Vlieland_9.25
12-13,Eindhoven_-0.80,Eindhoven_5.30,Eindhoven_11.40
12-13,Rotterdam_-0.86,Rotterdam_5.48,Rotterdam_11.82
12-13,Vlieland_1.08,Vlieland_5.44,Vlieland_9.80
12-14,Eindhoven_-1.47,Eindhoven_5.04,Eindhoven_11.55
12-14,Rotterdam_-0.76,Rotterdam_5.72,Rotterdam_12.20
12-14,Vlieland_1.82,Vlieland_6.18,Vlieland_10.54
12-15,Eindhoven_-1.43,Eindhoven_5.54,Eindhoven_12.51
12-15,Rotterdam_1.79,Rotterdam_6.90,Rotterdam_12.01
12-15,Vlieland_5.31,Vlieland_7.68,Vlieland_10.05
12-16,Eindhoven_1.26,Eindhoven_5.80,Eindhoven_10.34
12-16,Rotterdam_1.12,Rotterdam_6.14,Rotterdam_11.16
12-16,Vlieland_3.13,Vlieland_6.68,Vlieland_10.23
12-17,Eindhoven_-0.14,Eindhoven_6.50,Eindhoven_13.14
12-17,Rotterdam_0.33,Rotterdam_6.44,Rotterdam_12.55
12-17,Vlieland_2.08,Vlieland_6.86,Vlieland_11.64
12-18,Eindhoven_-0.64,Eindhoven_4.68,Eindhoven_10.00
12-18,Rotterdam_-0.10,Rotterdam_5.54,Rotterdam_11.18
12-18,Vlieland_1.24,Vlieland_6.16,Vlieland_11.08
12-19,Eindhoven_5.96,Eindhoven_8.32,Eindhoven_10.68
12-19,Rotterdam_6.55,Rotterdam_8.84,Rotterdam_11.13
12-19,Vlieland_6.76,Vlieland_7.86,Vlieland_8.96
12-20,Eindhoven_4.41,Eindhoven_8.12,Eindhoven_11.83
12-20,Rotterdam_5.73,Rotterdam_8.58,Rotterdam_11.43
12-20,Vlieland_4.99,Vlieland_7.54,Vlieland_10.09
12-21,Eindhoven_0.38,Eindhoven_6.24,Eindhoven_12.10
12-21,Rotterdam_1.15,Rotterdam_6.56,Rotterdam_11.97
12-21,Vlieland_3.43,Vlieland_6.70,Vlieland_9.97
12-22,Eindhoven_0.60,Eindhoven_7.32,Eindhoven_14.04
12-22,Rotterdam_1.31,Rotterdam_7.22,Rotterdam_13.13
12-22,Vlieland_3.05,Vlieland_6.22,Vlieland_9.39
12-23,Eindhoven_3.98,Eindhoven_8.44,Eindhoven_12.90
12-23,Rotterdam_4.83,Rotterdam_8.62,Rotterdam_12.41
12-23,Vlieland_4.68,Vlieland_7.06,Vlieland_9.44
12-24,Eindhoven_5.88,Eindhoven_8.64,Eindhoven_11.40
12-24,Rotterdam_6.16,Rotterdam_8.76,Rotterdam_11.36
12-24,Vlieland_5.28,Vlieland_7.64,Vlieland_10.00
12-25,Eindhoven_0.78,Eindhoven_6.34,Eindhoven_11.90
12-25,Rotterdam_0.61,Rotterdam_6.32,Rotterdam_12.03
12-25,Vlieland_0.09,Vlieland_5.72,Vlieland_11.35
12-26,Eindhoven_1.51,Eindhoven_4.98,Eindhoven_8.45
12-26,Rotterdam_0.63,Rotterdam_4.94,Rotterdam_9.25
12-26,Vlieland_0.30,Vlieland_5.40,Vlieland_10.50
12-27,Eindhoven_4.44,Eindhoven_6.08,Eindhoven_7.72
12-27,Rotterdam_4.50,Rotterdam_6.28,Rotterdam_8.06
12-27,Vlieland_2.38,Vlieland_5.14,Vlieland_7.90
12-28,Eindhoven_1.60,Eindhoven_6.78,Eindhoven_11.96
12-28,Rotterdam_2.36,Rotterdam_7.04,Rotterdam_11.72
12-28,Vlieland_2.20,Vlieland_6.34,Vlieland_10.48
12-29,Eindhoven_0.93,Eindhoven_6.44,Eindhoven_11.95
12-29,Rotterdam_2.87,Rotterdam_7.04,Rotterdam_11.21
12-29,Vlieland_3.86,Vlieland_6.90,Vlieland_9.94
12-30,Eindhoven_2.47,Eindhoven_7.78,Eindhoven_13.09
12-30,Rotterdam_3.79,Rotterdam_7.92,Rotterdam_12.05
12-30,Vlieland_6.14,Vlieland_8.00,Vlieland_9.86
12-31,Eindhoven_1.54,Eindhoven_8.66,Eindhoven_15.78
12-31,Rotterdam_2.26,Rotterdam_8.34,Rotterdam_14.42
12-31,Vlieland_4.27,Vlieland_7.78,Vlieland_11.29
